gender,tx,cnt
f,博君一肖,36268
f,天官赐福,23513
f,咒术回战,20993
f,文轩,20260
f,祺鑫,17146
f,翔霖,15031
f,忘羡,12367
f,瓶邪,12274
f,花怜,12222
f,五悠,11750
f,五条悟,10313
f,棋魂,9807
f,战山为王,9642
f,听候发落,9562
f,光遇,9517
f,五伏,7957
f,全员恶玉,7896
f,明日方舟,7435
m,咒术回战,7313
f,原神,7138
f,夏五,7136
f,宿伏,7112
f,时空中的绘旅人,7107
f,德哈,6744
f,南北,6012
f,皇权富贵,5940
f,某某,5800
f,幻花,5790
f,abo,5624
f,亮光,5548
f,车,5439
f,信白,5148
f,壁纸,5128
f,雷安,5109
f,破云,5056
f,耽美,5039
f,魔道祖师,5018
f,食物语,4883
f,头像,4744
f,bkpp,4680
f,撒野,4670
f,时代少年团,4631
f,纬钧,4580
f,博君一肖完结,4541
f,姜云升,4537
f,龙卡,4535
f,博君一肖推文,4433
f,将进酒,4430
f,何尚,4428
f,五夏,4312
m,明日方舟,4214
m,五悠,4158
m,天官赐福,4124
f,名侦探学院,4113
f,双玄,4093
m,博君一肖,4042
f,九辫,4012
f,all叶,3990
f,二哈和他的白猫师尊,3986
m,光遇,3883
f,鬼灭之刃,3870
f,宇宙鸿荒,3854
f,冰秋,3842
f,文严文,3809
f,燃晚,3792
f,快新,3786
m,瓶邪,3736
f,伪装学渣,3703
f,恋与制作人,3702
f,俞亮时光,3699
f,原耽,3682
f,云次方,3678
f,德云社,3653
f,伏黑惠,3623
m,五条悟,3623
f,堂良,3614
f,太中,3599
f,催眠麦克风,3569
f,文豪野犬,3480
f,文鑫,3473
f,肖战,3471
f,冰九,3469
f,默读,3469
m,原神,3382
f,双黑,3362
f,杀破狼,3345
f,188男团,3343
f,江代,3326
f,小偷玫瑰,3264
f,曦澄,3240
f,阴阳怪气,3164
f,帝都,3161
f,说唱新世代,3156
f,鸣佐,3134
f,gb,3111
f,虎伏,3077
f,李简,3073
f,肉,3065
f,ao3,3061
f,全球高考,3035
f,羡忘,3025
f,王者荣耀,3017
f,秦霄贤,3002
f,马嘉祺,2992
f,凯源,2959
f,宿虎,2936
f,博君一肖完结文,2882
f,朱白,2877
f,良堂,2866
f,网剧棋魂,2858
f,给你看我的手帐吧,2854
f,jojo,2812
f,黑塔利亚,2802
f,人渣反派自救系统,2795
f,严江,2786
f,全职高手,2777
f,露中,2774
m,夏五,2707
f,哈利波特,2705
f,刘耀文,2699
f,琉璃,2696
f,安雷,2695
f,卡菇,2681
f,佐鸣,2656
f,卡龙,2651
f,贝熙,2644
f,电锯人,2630
f,观影体,2595
f,梧桐西院,2589
f,朝俞,2545
f,带卡,2538
f,百合,2536
f,约稿,2531
f,阅读体,2527
f,祺轩,2525
f,龙龄,2524
f,all金,2518
f,美宣,2506
f,咒术,2503
f,哈德,2492
f,正泰,2463
f,白菇,2459
f,姜子牙,2447
f,娜俊,2446
m,宿伏,2445
f,一趟,2438
f,鑫祺,2436
f,我家大师兄脑子有坑,2431
f,凹凸世界,2428
f,到了30岁还是处男,2419
f,羡澄,2413
f,all,2411
f,赫海,2404
f,藕饼,2394
f,熙华,2394
f,凯千,2386
f,忧国的莫里亚蒂,2382
m,全员恶玉,2382
f,佑灰,2377
f,未定事件簿,2368
f,光亮,2351
f,all霖,2325
f,周蒲,2284
f,以你的心诠释我的爱,2283
f,阴阳师,2271
f,情头,2254
f,卿涛,2250
m,龙卡,2250
f,锦衣之下,2241
f,插画,2236
f,都凤,2235
f,狗卷棘,2234
m,祺鑫,2230
f,诡秘之主,2224
f,黑清,2215
f,菇卡,2206
f,李泽言,2204
f,伏虎,2197
f,坤昕,2192
f,博肖,2187
f,曦瑶,2180
f,苏棍,2176
f,蔡徐坤,2172
f,何焉悦色,2167
f,严浩翔,2144
f,铠约,2123
f,云亮,2121
f,舟渡,2118
f,嘎龙,2109
f,都昊,2090
m,棋魂,2083
f,第五人格,2069
f,剧版棋魂,2054
f,乙女,2049
f,咒术回战乙女向,2048
f,离港来山,2043
f,祺我,2029
f,告白宣言,2029
f,坤廷,2027